B,e,e,h,b,k,e,a,,e,t,e,d,,,l,e,b,a,r,e,,,n,,,E
d,g,p,d,v,,l,n,i,a,,e,o,n,t,k,v,r,l,s,d,,e,t,Z,a,u
E,e,a,e,Z,l,m,o,a,e,i,h,.,,d,,t,j,e,n,t,v,l,s,t,o,d
d,s,e,i,o,h,e,r,l,r,e,r,t,n,,,d,e,n,a,,k,a,n,n,a,r
n,n,l,,d,,a,v,d,a,i,e,r,a,,o,,n,,,l,t,e,e,n,,r
g,,i,e,’,n,e,r,n,r,n,d,,,,",",a,v,l,e,,e,i,t,f,r,
p,,,t,o,r,,s,e,m,a,a,n,r,o,p,a,o,e,e,n,v,h,,o,r,
,,d,n,u,a,e,n,n,r,,E,a,d,j,e,e,v,n,l,d,,d,v,a,B,o
n,o,",",,,a,o,S,k,e,,v,k,n,o,a,e,e,,n,d,t,o,k,,,e
n,t,m,j,r,i,w,e,d,n,v,n,d,a,i,,,a,e,d,b,r,,B,,,
